"DESCRIPTION","DURATION IN MS","NAME","PARENT SUITE","START TIME","STATUS","STOP TIME","SUB SUITE","SUITE","TEST CLASS","TEST METHOD"
"This Group of Test will Check Basic Home page Functionality","9366","Page Title","chromium","2026-09-25","passed","2026-09-25","Tricent Ecommerce Website Home Page Tests","Day7Reporting.spec.ts","",""
"This Group of Test will Check Basic Home page Functionality","14016","Page Title","firefox","2026-09-25","passed","2026-09-25","Tricent Ecommerce Website Home Page Tests","Day7Reporting.spec.ts","",""
"This Group of Test will Check Basic Home page Functionality","9984","Logo Test","chromium","2026-09-25","passed","2026-09-25","Tricent Ecommerce Website Home Page Tests","Day7Reporting.spec.ts","",""
"This Group of Test will Check Basic Home page Functionality","10879","Search Box","chromium","2026-09-25","passed","2026-09-25","Tricent Ecommerce Website Home Page Tests","Day7Reporting.spec.ts","",""
"This Group of Test will Check Basic Home page Functionality","8194","Logo Test","firefox","2026-09-25","passed","2026-09-25","Tricent Ecommerce Website Home Page Tests","Day7Reporting.spec.ts","",""
"This Group of Test will Check Basic Home page Functionality","13538","Search Box","webkit","2026-09-25","passed","2026-09-25","Tricent Ecommerce Website Home Page Tests","Day7Reporting.spec.ts","",""
"This Group of Test will Check Basic Home page Functionality","21318","Logo Test","webkit","2026-09-25","passed","2026-09-25","Tricent Ecommerce Website Home Page Tests","Day7Reporting.spec.ts","",""
"This Group of Test will Check Basic Home page Functionality","20960","Page Title","webkit","2026-09-25","passed","2026-09-25","Tricent Ecommerce Website Home Page Tests","Day7Reporting.spec.ts","",""
"This Group of Test will Check Basic Home page Functionality","11002","Search Box","firefox","2026-09-25","passed","2026-09-25","Tricent Ecommerce Website Home Page Tests","Day7Reporting.spec.ts","",""
